{"cameraMode":{"drawMode":0,"name":"Shaded","section":"Shading Mode"},"sceneLighting":true,"audioPlay":false,"sceneViewState":{"showFog":false,"showMaterialUpdate":false,"showSkybox":false,"showFlares":false,"showImageEffects":false,"showParticleSystems":false},"in2DMode":false,"pivot":{"x":472.4573669433594,"y":-296.5561828613281,"z":379.33465576171877},"rotation":{"x":-0.3727206885814667,"y":-0.2998785972595215,"z":0.12866680324077607,"w":-0.8686778545379639},"size":267.9193420410156,"orthographic":false}